id,pred
2015_1107_1112,0.0191690617419313
2015_1107_1116,0.119069792745181
2015_1107_1124,0.0692060410896152
2015_1107_1125,0.380469368520219
2015_1107_1138,0.250725312041446
2015_1107_1139,0.104158711488629
2015_1107_1153,0.219702578280225
2015_1107_1157,0.356360739797677
2015_1107_1172,0.240149451757374
2015_1107_1173,0.378084745583004
2015_1107_1181,0.0278107789481626
2015_1107_1186,0.578664756681016
2015_1107_1207,0.203403758406435
2015_1107_1208,0.0444554047259982
2015_1107_1209,0.421134454868673
2015_1107_1211,0.0423410557799007
2015_1107_1214,0.26076254282928
2015_1107_1217,0.27872769946856
2015_1107_1231,0.149491752887582
2015_1107_1234,0.216051662687622
2015_1107_1235,0.0480970155255672
2015_1107_1242,0.0407080521130468
2015_1107_1246,0.00658504663523128
2015_1107_1248,0.502321463397137
2015_1107_1257,0.0618746749656373
2015_1107_1261,0.204795648898133
2015_1107_1268,0.068973866014848
2015_1107_1277,0.0706378516441382
2015_1107_1279,0.250442099706786
2015_1107_1295,0.476021342135641
2015_1107_1301,0.158840995986902
2015_1107_1308,0.450514214845407
2015_1107_1314,0.0420263634237324
2015_1107_1318,0.361193908553299
2015_1107_1320,0.101325830570529
2015_1107_1323,0.0283612973937456
2015_1107_1326,0.106561550469846
2015_1107_1328,0.0926148773812884
2015_1107_1329,0.236173745733916
2015_1107_1332,0.16356401820175
2015_1107_1344,0.219854787379385
2015_1107_1345,0.201844928529835
2015_1107_1352,0.529917288496478
2015_1107_1361,0.303302484742566
2015_1107_1372,0.358095926585628
2015_1107_1374,0.132129996320357
2015_1107_1385,0.364999940198403
2015_1107_1400,0.123552319713699
2015_1107_1411,0.366213419766705
2015_1107_1412,0.470716798159368
2015_1107_1414,0.421231663573374
2015_1107_1417,0.232186336220521
2015_1107_1428,0.196359298579973
2015_1107_1433,0.138387245167229
2015_1107_1434,0.302911237575927
2015_1107_1437,0.037136189173846
2015_1107_1438,0.0312274854530729
2015_1107_1452,0.127909800668364
2015_1107_1455,0.0696827068838422
2015_1107_1458,0.0169078308117905
2015_1107_1459,0.380195541897267
2015_1107_1461,0.292328803305873
2015_1107_1462,0.162104727162992
2015_1112_1116,0.87367316866887
2015_1112_1124,0.791856544592605
2015_1112_1125,0.969157873455497
2015_1112_1138,0.944817963673685
2015_1112_1139,0.856098332319972
2015_1112_1153,0.935093700481581
2015_1112_1157,0.96590476534607
2015_1112_1172,0.941763516428843
2015_1112_1173,0.968853665701942
2015_1112_1181,0.594108412421113
2015_1112_1186,0.985969570465694
2015_1112_1207,0.928902229104821
2015_1112_1208,0.704185158509879
2015_1112_1209,0.973839208351135
2015_1112_1211,0.693464822078859
2015_1112_1214,0.947503966098947
2015_1112_1217,0.951860758130645
2015_1112_1231,0.899935634977492
2015_1112_1234,0.933781150168523
2015_1112_1235,0.721086921897728
2015_1112_1242,0.684673387716184
2015_1112_1246,0.253270571042568
2015_1112_1248,0.981004751182949
2015_1112_1257,0.771417037955562
2015_1112_1261,0.929466042775841
2015_1112_1268,0.791260937370351
2015_1112_1277,0.795462138362446
2015_1112_1279,0.944739282022962
2015_1112_1295,0.978940399653079
2015_1112_1301,0.90621107424107
2015_1112_1308,0.976717813080614
2015_1112_1314,0.691806692016921
2015_1112_1318,0.966589914235083
2015_1112_1320,0.852270785597954
2015_1112_1323,0.598962466813669
2015_1112_1326,0.859210467475375
2015_1112_1328,0.839294116453694
2015_1112_1329,0.940550039525516
2015_1112_1332,0.90913816081828
2015_1112_1344,0.935147553680828
2015_1112_1345,0.928262392081722
2015_1112_1352,0.982958490196138
2015_1112_1361,0.95703613633424
2015_1112_1372,0.966152760850036
2015_1112_1374,0.886234957866305
2015_1112_1385,0.96711734725663
2015_1112_1400,0.878242372101158
2015_1112_1411,0.967283323141888
2015_1112_1412,0.978497215239385
2015_1112_1414,0.973849364969025
2015_1112_1417,0.939294550349088
2015_1112_1428,0.925937427783165
2015_1112_1433,0.891519071579576
2015_1112_1434,0.956959912878618
2015_1112_1437,0.663690143088634
2015_1112_1438,0.62254659036456
2015_1112_1452,0.882418525812528
2015_1112_1455,0.793069680691486
2015_1112_1458,0.468087562749823
2015_1112_1459,0.9691231255095
2015_1112_1461,0.954825771612266
2015_1112_1462,0.908249981921253
2015_1116_1124,0.354874378731919
2015_1116_1125,0.819610690438846
2015_1116_1138,0.712287703558389
2015_1116_1139,0.462426251766035
2015_1116_1153,0.675653535947624
2015_1116_1157,0.80377756869384
2015_1116_1172,0.700442998102792
2015_1116_1173,0.818108277342755
2015_1116_1181,0.174673839755141
2015_1116_1186,0.910402800427985
2015_1116_1207,0.653874406244971
2015_1116_1208,0.256064246758923
2015_1116_1209,0.843321259950537
2015_1116_1211,0.246481632354042
2015_1116_1214,0.72297353862618
2015_1116_1217,0.740868438042912
2015_1116_1231,0.565293925510473
2015_1116_1234,0.670940753983337
2015_1116_1235,0.272103886725955
2015_1116_1242,0.238939775867669
2015_1116_1246,0.0467493089430065
2015_1116_1248,0.881900787458289
2015_1116_1257,0.327942857299742
2015_1116_1261,0.655811089330144
2015_1116_1268,0.354048370530742
2015_1116_1277,0.359930972102075
2015_1116_1279,0.71197853943346
2015_1116_1295,0.870487987650861
2015_1116_1301,0.582827525106567
2015_1116_1308,0.858474287283119
2015_1116_1314,0.245037920063729
2015_1116_1318,0.807069940238501
2015_1116_1320,0.454796122812423
2015_1116_1323,0.177600448382142
2015_1116_1326,0.468769185454517
2015_1116_1328,0.430245744756993
2015_1116_1329,0.695825208952219
2015_1116_1332,0.591295396683422
2015_1116_1344,0.67584802839252
2015_1116_1345,0.651687572439871
2015_1116_1352,0.892935305792733
2015_1116_1361,0.763081358772831
2015_1116_1372,0.804966702958248
2015_1116_1374,0.529718157894685
2015_1116_1385,0.809619654389002
2015_1116_1400,0.510512521772546
2015_1116_1411,0.810424771887416
2015_1116_1412,0.86807008061831
2015_1116_1414,0.843373938850034
2015_1116_1417,0.691098890133435
2015_1116_1428,0.643838226204076
2015_1116_1433,0.543022981009667
2015_1116_1434,0.762746338627034
2015_1116_1437,0.221999601704198
2015_1116_1438,0.192559747078379
2015_1116_1452,0.520413911694
2015_1116_1455,0.356564890847085
2015_1116_1458,0.11287975350789
2015_1116_1459,0.819438846898669
2015_1116_1461,0.753463072835386
2015_1116_1462,0.588705863862066
2015_1124_1125,0.89200562622472
2015_1124_1138,0.81820036730421
2015_1124_1139,0.609950065852316
2015_1124_1153,0.791096798519068
2015_1124_1157,0.881608891453385
2015_1124_1172,0.809550095110969
2015_1124_1173,0.891026002518785
2015_1124_1181,0.277844878922746
2015_1124_1186,0.948643632089464
2015_1124_1207,0.774482061420909
2015_1124_1208,0.384889628006831
2015_1124_1209,0.907277038101291
2015_1124_1211,0.372902574281201
2015_1124_1214,0.825913937527529
2015_1124_1217,0.838643345959459
2015_1124_1231,0.702735215904029
2015_1124_1234,0.787533941585708
2015_1124_1235,0.404609952200015
2015_1124_1242,0.363357804030106
2015_1124_1246,0.0818556528151407
2015_1124_1248,0.931389738410782
2015_1124_1257,0.47008008995283
2015_1124_1261,0.775975113566402
2015_1124_1268,0.499097529751032
2015_1124_1277,0.505504137059463
2015_1124_1279,0.81797592883837
2015_1124_1295,0.924349172846289
2015_1124_1301,0.717495612765728
2015_1124_1308,0.916854485030759
2015_1124_1314,0.371083042524446
2015_1124_1318,0.88378416720634
2015_1124_1320,0.602614445964669
2015_1124_1323,0.28190964359467
2015_1124_1326,0.615997796364362
2015_1124_1328,0.578552140008603
2015_1124_1329,0.806148752253723
2015_1124_1332,0.724521980597278
2015_1124_1344,0.791243454487759
2015_1124_1345,0.772792450959032
2015_1124_1352,0.938124714160108
2015_1124_1361,0.85412519839831
2015_1124_1372,0.882395369549703
2015_1124_1374,0.671878621228674
2015_1124_1385,0.885463925228038
2015_1124_1400,0.654694115239082
2015_1124_1411,0.885993463386314
2015_1124_1412,0.922847696577165
2015_1124_1414,0.907310577070921
2015_1124_1417,0.80265047145741
2015_1124_1428,0.76669521130334
2015_1124_1433,0.683564098572952
2015_1124_1434,0.853894270748066
2015_1124_1437,0.341555454581528
2015_1124_1438,0.302424015884924
2015_1124_1452,0.663600809953634
2015_1124_1455,0.501844056436739
2015_1124_1458,0.187859926044875
2015_1124_1459,0.891893651483023
2015_1124_1461,0.847464218437339
2015_1124_1462,0.72238024260749
2015_1125_1138,0.3527001854875
2015_1125_1139,0.159186824337953
2015_1125_1153,0.314353515587394
2015_1125_1157,0.474113564233529
2015_1125_1172,0.339773475687948
2015_1125_1173,0.497467772430441
2015_1125_1181,0.0445074529946512
2015_1125_1186,0.691011191335544
2015_1125_1207,0.293675672277569
2015_1125_1208,0.0704211222027821
2015_1125_1209,0.542258545976505
2015_1125_1211,0.0671586112803551
2015_1125_1214,0.36483200826766
2015_1125_1217,0.386221056789275
2015_1125_1231,0.222520783307395
2015_1125_1234,0.309754113858832
2015_1125_1235,0.0760205227838742
2015_1125_1242,0.0646330471146179
2015_1125_1246,0.0106784621459245
2015_1125_1248,0.621716995834598
2015_1125_1257,0.0969820863451804
2015_1125_1261,0.295456177819341
2015_1125_1268,0.1076471196
2015_1125_1277,0.110133726774564
2015_1125_1279,0.352355953786294
2015_1125_1295,0.596660156840383
2015_1125_1301,0.235174383996888
2015_1125_1308,0.571742288132026
2015_1125_1314,0.066672308433288
2015_1125_1318,0.47935436525017
2015_1125_1320,0.155116449216846
2015_1125_1323,0.0453730591674545
2015_1125_1326,0.162628656155737
2015_1125_1328,0.142514477391703
2015_1125_1329,0.334875342348113
2015_1125_1332,0.241515437836133
2015_1125_1344,0.314544865104314
2015_1125_1345,0.291678337031327
2015_1125_1352,0.647340344599956
2015_1125_1361,0.414822560215698
2015_1125_1372,0.475998087489853
2015_1125_1374,0.19865861511234
2015_1125_1385,0.48346317644582
2015_1125_1400,0.186691066618752
2015_1125_1411,0.484769832606966
2015_1125_1412,0.591528922275161
2015_1125_1414,0.542357517978647
2015_1125_1417,0.329941339657359
2015_1125_1428,0.284621882158254
2015_1125_1433,0.207313844087033
2015_1125_1434,0.414373017876265
2015_1125_1437,0.0590912356753816
2015_1125_1438,0.049870213322697
2015_1125_1452,0.192785532666087
2015_1125_1455,0.10870699789067
2015_1125_1458,0.0272421565553066
2015_1125_1459,0.499709535201914
2015_1125_1461,0.40214298936739
2015_1125_1462,0.239559863488773
2015_1138_1139,0.257864083233368
2015_1138_1153,0.456943714262297
2015_1138_1157,0.623293890295702
2015_1138_1172,0.485725722000711
2015_1138_1173,0.644983900981175
2015_1138_1181,0.0787553742851906
2015_1138_1186,0.804087848755191
2015_1138_1207,0.432807105973268
2015_1138_1208,0.122061964102616
2015_1138_1209,0.684953263928521
2015_1138_1211,0.116707374573122
2015_1138_1214,0.513181618481675
2015_1138_1217,0.535929532124464
2015_1138_1231,0.344377846583601
2015_1138_1234,0.451632255619844
2015_1138_1235,0.131188005476196
2015_1138_1242,0.112543284093749
2015_1138_1246,0.0194245979141149
2015_1138_1248,0.75101511956582
2015_1138_1257,0.164650536293742
2015_1138_1261,0.434911746888144
2015_1138_1268,0.181263284302599
2015_1138_1277,0.18509766674978
2015_1138_1279,0.499622969775012
2015_1138_1295,0.730814597027968
2015_1138_1301,0.36074563595274
2015_1138_1308,0.710158593212643
2015_1138_1314,0.115906863632294
2015_1138_1318,0.628213823052849
2015_1138_1320,0.252026846225937
2015_1138_1323,0.0802311243992669
2015_1138_1326,0.262772672710504
2015_1138_1328,0.233729730548191
2015_1138_1329,0.480254046905359
2015_1138_1332,0.368839677974539
2015_1138_1344,0.457163987316534
2015_1138_1345,0.430440171674108
2015_1138_1352,0.771104787525779
2015_1138_1361,0.565404812316186
2015_1138_1372,0.625066582232575
2015_1138_1374,0.312704002766407
2015_1138_1385,0.632049614284575
2015_1138_1400,0.296407404851483
2015_1138_1411,0.633265519024485
2015_1138_1412,0.726608043052464
2015_1138_1414,0.685039303238818
2015_1138_1417,0.474706816754589
2015_1138_1428,0.422026855759316
2015_1138_1433,0.324317052441416
2015_1138_1434,0.564949629142656
2015_1138_1437,0.103347401985852
2015_1138_1438,0.0878652388269175
2015_1138_1452,0.304741501700851
2015_1138_1455,0.182899416727532
2015_1138_1458,0.0488843522001525
2015_1138_1459,0.647034513442699
2015_1138_1461,0.552467963861479
2015_1138_1462,0.366351103045535
2015_1139_1153,0.707742903329893
2015_1139_1157,0.826446973114316
2015_1139_1172,0.731056049080475
2015_1139_1173,0.839452761455365
2015_1139_1181,0.197454666282706
2015_1139_1186,0.921950042995919
2015_1139_1207,0.687120697781788
2015_1139_1208,0.285784351856779
2015_1139_1209,0.862205402700076
2015_1139_1211,0.27550141394686
2015_1139_1214,0.75209899417066
2015_1139_1217,0.768714371281356
2015_1139_1231,0.60186800732726
2015_1139_1234,0.703291627360757
2015_1139_1235,0.302927580458801
2015_1139_1242,0.267386698232468
2015_1139_1246,0.0539366367953839
2015_1139_1248,0.896704575281292
2015_1139_1257,0.361946638509015
2015_1139_1261,0.688959846443336
2015_1139_1268,0.389191444551607
2015_1139_1277,0.395300623234601
2015_1139_1279,0.741847201941623
2015_1139_1295,0.88653831994807
2015_1139_1301,0.618920879364893
2015_1139_1308,0.875801043837876
2015_1139_1314,0.273949521563367
2015_1139_1318,0.829439692672999
2015_1139_1320,0.492317677992894
2015_1139_1323,0.200670157629872
2015_1139_1326,0.506372846780076
2015_1139_1328,0.467478547340162
2015_1139_1329,0.726726058230701
2015_1139_1332,0.627124834427176
2015_1139_1344,0.707926471650494
2015_1139_1345,0.685042738050539
2015_1139_1352,0.90650255422212
2015_1139_1361,0.789219425593361
2015_1139_1372,0.827528206189533
2015_1139_1374,0.566992683953534
2015_1139_1385,0.831755402577463
2015_1139_1400,0.548010414541244
2015_1139_1411,0.832486276821667
2015_1139_1412,0.884380262455314
2015_1139_1414,0.86225276941158
2015_1139_1417,0.722288251624932
2015_1139_1428,0.677573168351093
2015_1139_1433,0.580078927795411
2015_1139_1434,0.788911142128122
2015_1139_1437,0.249089803053015
2015_1139_1438,0.21705975146057
2015_1139_1452,0.557810291668348
2015_1139_1455,0.39180624366212
2015_1139_1458,0.128859731530755
2015_1139_1459,0.84065760341288
2015_1139_1461,0.780356842809466
2015_1139_1462,0.624618196421539
2015_1153_1157,0.662891292184013
2015_1153_1172,0.528852939503924
2015_1153_1173,0.683459232958021
2015_1153_1181,0.0922282625435164
2015_1153_1186,0.829868407059147
2015_1153_1207,0.475580805323295
2015_1153_1208,0.141803055916051
2015_1153_1209,0.720970832639169
2015_1153_1211,0.135716338785806
2015_1153_1214,0.556110521769051
2015_1153_1217,0.578500061927667
2015_1153_1231,0.384334047967084
2015_1153_1234,0.494643924489644
2015_1153_1235,0.152149265279549
2015_1153_1242,0.130974581803724
2015_1153_1246,0.0230010300970134
2015_1153_1248,0.781885194102742
2015_1153_1257,0.189790482319292
2015_1153_1261,0.477718258003597
2015_1153_1268,0.208307249208748
2015_1153_1277,0.212565184123859
2015_1153_1279,0.542682027031061
2015_1153_1295,0.763400178592793
2015_1153_1301,0.401438101552287
2015_1153_1308,0.744370005861456
2015_1153_1314,0.134805341845849
2015_1153_1318,0.667569890130967
2015_1153_1320,0.28594128089714
2015_1153_1323,0.0939307320577909
2015_1153_1326,0.297557879871016
2015_1153_1328,0.266057792728538
2015_1153_1329,0.523389875753545
2015_1153_1332,0.409859776725003
2015_1153_1344,0.500221910182944
2015_1153_1345,0.473175096370637
2015_1153_1352,0.800146896284262
2015_1153_1361,0.607252962804388
2015_1153_1372,0.664577923679066
2015_1153_1374,0.350952449767716
2015_1153_1385,0.671212148199829
2015_1153_1400,0.333630137009314
2015_1153_1411,0.672365723039477
2015_1153_1412,0.759535288680653
2015_1153_1414,0.721051041446394
2015_1153_1417,0.51784081927944
2015_1153_1428,0.464607862754114
2015_1153_1433,0.363235244121641
2015_1153_1434,0.606811129942593
2015_1153_1437,0.120477133239107
2015_1153_1438,0.102722801677798
2015_1153_1452,0.342501356466219
2015_1153_1455,0.210124839218879
2015_1153_1458,0.0575664456377698
2015_1153_1459,0.685396008620401
2015_1153_1461,0.594668793734457
2015_1153_1462,0.407273027103669
2015_1157_1172,0.363393503879487
2015_1157_1173,0.523360333308667
2015_1157_1181,0.0491288606634158
2015_1157_1186,0.712690941490742
2015_1157_1207,0.315623078417054
2015_1157_1208,0.07751497446418
2015_1157_1209,0.567848099320653
2015_1157_1211,0.0739499600588485
2015_1157_1214,0.389167220680673
2015_1157_1217,0.411059657455046
2015_1157_1231,0.240964669933204
2015_1157_1234,0.332337745447613
2015_1157_1235,0.0836276851292548
2015_1157_1242,0.0711884908198534
2015_1157_1246,0.0118307471815885
2015_1157_1248,0.645766298595053
2015_1157_1257,0.106445168338536
2015_1157_1261,0.317476838355018
2015_1157_1268,0.118014846790975
2015_1157_1277,0.120708548611094
2015_1157_1279,0.376352070834029
2015_1157_1295,0.621332209129915
2015_1157_1301,0.254323999293907
2015_1157_1308,0.596908826165437
2015_1157_1314,0.0734183507315155
2015_1157_1318,0.505252028633241
2015_1157_1320,0.16918922753952
2015_1157_1323,0.0500796357803279
2015_1157_1326,0.177239998502389
2015_1157_1328,0.155654587532968
2015_1157_1329,0.35833967622018
2015_1157_1332,0.261005183048353
2015_1157_1344,0.337307094403222
2015_1157_1345,0.313542736469536
2015_1157_1352,0.670623666294069
2015_1157_1361,0.440181410300017
2015_1157_1372,0.50188921852331
2015_1157_1374,0.215673314018476
2015_1157_1385,0.509365649178992
2015_1157_1400,0.202940350780916
2015_1157_1411,0.51067310005501
2015_1157_1412,0.616313009603735
2015_1157_1414,0.567945946853214
2015_1157_1417,0.353243563291944
2015_1157_1428,0.306185976960643
2015_1157_1433,0.224861830933493
2015_1157_1434,0.439725037167737
2015_1157_1437,0.0651237321918357
2015_1157_1438,0.0550163980453161
2015_1157_1452,0.209428676619978
2015_1157_1455,0.119163172788674
2015_1157_1458,0.0301273575051273
2015_1157_1459,0.525596740826031
2015_1157_1461,0.427292705613007
2015_1157_1462,0.258945674578532
2015_1172_1173,0.657950638005976
2015_1172_1181,0.0830000309224312
2015_1172_1186,0.812928887074695
2015_1172_1207,0.446877578730515
2015_1172_1208,0.128315601137349
2015_1172_1209,0.697145625525696
2015_1172_1211,0.122725026770691
2015_1172_1214,0.527435247826009
2015_1172_1217,0.55010102923906
2015_1172_1231,0.357384907406955
2015_1172_1234,0.465812118364606
2015_1172_1235,0.137835793486223
2015_1172_1242,0.118375002209409
2015_1172_1246,0.0205428263526268
2015_1172_1248,0.761540930597777
2015_1172_1257,0.172657019187578
2015_1172_1261,0.44899647788285
2015_1172_1268,0.189893959225899
2015_1172_1277,0.193867681439869
2015_1172_1279,0.513897546951478
2015_1172_1295,0.741900900100565
2015_1172_1301,0.374018230125627
2015_1172_1308,0.721771732675086
2015_1172_1314,0.121888935790173
2015_1172_1318,0.641452577792459
2015_1172_1320,0.262944765615177
2015_1172_1323,0.0845480194551572
2015_1172_1326,0.273985586547489
2015_1172_1328,0.244113701755742
2015_1172_1329,0.494522148973293
2015_1172_1332,0.382232006118427
2015_1172_1344,0.471368237389678
2015_1172_1345,0.444493998412482
2015_1172_1352,0.781028934226497
2015_1172_1361,0.579382641722694
2015_1172_1372,0.638352890451998
2015_1172_1374,0.325107974862546
2015_1172_1385,0.645228916846276
2015_1172_1400,0.308455059261812
2015_1172_1411,0.646425633213488
2015_1172_1412,0.737805436221624
2015_1172_1414,0.6972298069448
2015_1172_1417,0.48896515859216
2015_1172_1428,0.436016275571757
2015_1172_1433,0.336955836238465
2015_1172_1434,0.578931195834111
2015_1172_1437,0.108761009736293
2015_1172_1438,0.0925515605014231
2015_1172_1452,0.316975292815969
2015_1172_1455,0.191589764725387
2015_1172_1458,0.0516092499966329
2015_1172_1459,0.659965838860126
2015_1172_1461,0.56654289470574
2015_1172_1462,0.37970743254801
2015_1173_1181,0.0449401970254616
2015_1173_1186,0.69316968670895
2015_1173_1207,0.29578111492906
2015_1173_1208,0.0710870784896349
2015_1173_1209,0.544771609818672
2015_1173_1211,0.0677959649095726
2015_1173_1214,0.367182394661283
2015_1173_1217,0.388624929411704
2015_1173_1231,0.224278077293626
2015_1173_1234,0.311923921927031
2015_1173_1235,0.0767350601969147
2015_1173_1242,0.0652481089234319
2015_1173_1246,0.0107860013316064
2015_1173_1248,0.624096230060176
2015_1173_1257,0.0978727773954892
2015_1173_1261,0.297569007639719
2015_1173_1268,0.108623976928507
2015_1173_1277,0.11113033896706
2015_1173_1279,0.35467084548597
2015_1173_1295,0.599095363899211
2015_1173_1301,0.237001144777473
2015_1173_1308,0.574220581742412
2015_1173_1314,0.0673053799023927
2015_1173_1318,0.481882804191924
2015_1173_1320,0.156448550382449
2015_1173_1323,0.0458138159082843
2015_1173_1326,0.164012746715148
2015_1173_1328,0.143756770033242
2015_1173_1329,0.337135173145938
2015_1173_1332,0.243375780358215
2015_1173_1344,0.316732832920397
2015_1173_1345,0.293775415997353
2015_1173_1352,0.649649236078962
2015_1173_1361,0.417283423674788
2015_1173_1372,0.478525094225956
2015_1173_1374,0.200276007172315
2015_1173_1385,0.48599305785254
2015_1173_1400,0.18823391134124
2015_1173_1411,0.487300101026621
2015_1173_1412,0.59397402762869
2015_1173_1414,0.544870494513192
2015_1173_1417,0.332184503538582
2015_1173_1428,0.28668876152737
2015_1173_1433,0.208983326007449
2015_1173_1434,0.416833114138773
2015_1173_1437,0.0596569239544617
2015_1173_1438,0.050352351476611
2015_1173_1452,0.194366706514431
2015_1173_1455,0.109692290927558
2015_1173_1458,0.0275118643969354
2015_1173_1459,0.502241769366964
2015_1173_1461,0.404580638708702
2015_1173_1462,0.24140993699491
2015_1181_1186,0.979596239547541
2015_1181_1207,0.899254793225797
2015_1181_1208,0.619241939661926
2015_1181_1209,0.962167087607447
2015_1181_1211,0.607160556006384
2015_1181_1214,0.924986967552664
2015_1181_1217,0.931076571309082
2015_1181_1231,0.860029366755699
2015_1181_1234,0.90596223935675
2015_1181_1235,0.638505574547549
2015_1181_1242,0.597331173475136
2015_1181_1246,0.188127977374837
2015_1181_1248,0.972439189795124
2015_1181_1257,0.697485855338606
2015_1181_1261,0.900028411466941
2015_1181_1268,0.721430227585312
2015_1181_1277,0.726551176184654
2015_1181_1279,0.921135137514957
2015_1181_1295,0.969472923891091
2015_1181_1301,0.868441630554638
2015_1181_1308,0.966285570947326
2015_1181_1314,0.605301295670947
2015_1181_1318,0.951843329400581
2015_1181_1320,0.797630079362051
2015_1181_1323,0.50504187849675
2015_1181_1326,0.806553944443209
2015_1181_1328,0.781086564205007
2015_1181_1329,0.915316891260206
2015_1181_1332,0.87238147464285
2015_1181_1344,0.907846025811324
2015_1181_1345,0.898377336300987
2015_1181_1352,0.975251706321763
2015_1181_1361,0.938341684636959
2015_1181_1372,0.951222961619378
2015_1181_1374,0.841825127993585
2015_1181_1385,0.952592143480257
2015_1181_1400,0.831306412490758
2015_1181_1411,0.952827859562395
2015_1181_1412,0.968836845538681
2015_1181_1414,0.962181599807904
2015_1181_1417,0.913577481993897
2015_1181_1428,0.895193174744603
2015_1181_1433,0.848820097577458
2015_1181_1434,0.938234435308467
2015_1181_1437,0.574150789454755
2015_1181_1438,0.529813494111695
2015_1181_1452,0.83679325410972
2015_1181_1455,0.723632718109902
2015_1181_1458,0.375475057901465
2015_1181_1459,0.955443110991932
2015_1181_1461,0.935234631267998
2015_1181_1462,0.871184906066889
2015_1186_1207,0.156771389994775
2015_1186_1208,0.0327647223001544
2015_1186_1209,0.346284270181933
2015_1186_1211,0.0311882471984886
2015_1186_1214,0.204353527920812
2015_1186_1217,0.219586803230933
2015_1186_1231,0.113458845802513
2015_1186_1234,0.1671279906239
2015_1186_1235,0.0354842412576676
2015_1186_1242,0.0299719213076996
2015_1186_1246,0.00480327944338022
2015_1186_1248,0.423600899510023
2015_1186_1257,0.0458228239106962
2015_1186_1261,0.157907430956897
2015_1186_1268,0.0511807828791422
2015_1186_1277,0.0524396903413118
2015_1186_1279,0.195674684986689
2015_1186_1295,0.398125240816861
2015_1186_1301,0.120874853706336
2015_1186_1308,0.373814314277612
2015_1186_1314,0.0309537668671559
2015_1186_1318,0.291630041061716
2015_1186_1320,0.0758670381577063
2015_1186_1323,0.0208107945104478
2015_1186_1326,0.0799042149165941
2015_1186_1328,0.0691762940846052
2015_1186_1329,0.183761617191933
2015_1186_1332,0.124636250921084
2015_1186_1344,0.17025695283148
2015_1186_1345,0.155500175480957
2015_1186_1352,0.450789274601172
2015_1186_1361,0.240687279196276
2015_1186_1372,0.288858914470361
2015_1186_1374,0.0997908916184436
2015_1186_1385,0.29504160845447
2015_1186_1400,0.0930874385993508
2015_1186_1411,0.296130969296392
2015_1186_1412,0.393037616814195
2015_1186_1414,0.34637453974562
2015_1186_1417,0.180450049634955
2015_1186_1428,0.151035735023656
2015_1186_1433,0.104701425148573
2015_1186_1434,0.240348938341396
2015_1186_1437,0.0273152594156422
2015_1186_1438,0.0229319390226209
2015_1186_1452,0.0964887612209254
2015_1186_1455,0.051716922634098
2015_1186_1458,0.0123677212263276
2015_1186_1459,0.308740789661152
2015_1186_1461,0.231227172754696
2015_1186_1462,0.123472998191417
2015_1207_1208,0.154120793684966
2015_1207_1209,0.740205499288075
2015_1207_1211,0.147596285256323
2015_1207_1214,0.580090763397817
2015_1207_1217,0.602136114345409
2015_1207_1231,0.407710567936504
2015_1207_1234,0.519073097528204
2015_1207_1235,0.165192733816601
2015_1207_1242,0.142507897088215
2015_1207_1246,0.0253032870995656
2015_1207_1248,0.798096702174721
2015_1207_1257,0.205279569432979
2015_1207_1261,0.50214211479776
2015_1207_1268,0.224888062327034
2015_1207_1277,0.22938671965762
2015_1207_1279,0.566822635274012
2015_1207_1295,0.78060007190338
2015_1207_1301,0.425136570364631
2015_1207_1308,0.762522967633802
2015_1207_1314,0.146619072081645
2015_1207_1318,0.688897273347956
2015_1207_1320,0.306310710249242
2015_1207_1323,0.10258712609913
2015_1207_1326,0.318385855678352
2015_1207_1328,0.285577273460024
2015_1207_1329,0.547700092522721
2015_1207_1332,0.433695183574651
2015_1207_1344,0.524640570763651
2015_1207_1345,0.497587971121211
2015_1207_1352,0.815321684688202
2015_1207_1361,0.630307044733662
2015_1207_1372,0.686006974137228
2015_1207_1374,0.373530439294952
2015_1207_1385,0.692413524702947
2015_1207_1400,0.355704461028269
2015_1207_1411,0.693526677685848
2015_1207_1412,0.776934047144245
2015_1207_1414,0.740282170740431
2015_1207_1417,0.542186498340061
2015_1207_1428,0.488988992488427
2015_1207_1433,0.386133323380215
2015_1207_1434,0.629875339475086
2015_1207_1437,0.131225652248405
2015_1207_1438,0.112089212513943
2015_1207_1452,0.364841274698821
2015_1207_1455,0.226808880898088
2015_1207_1458,0.0631050117742704
2015_1207_1459,0.70608326516691
2015_1207_1461,0.617996878027569
2015_1207_1462,0.431067884863236
2015_1208_1209,0.939895094702187
2015_1208_1211,0.487267848983817
2015_1208_1214,0.883477958714909
2015_1208_1217,0.892545833713888
2015_1208_1231,0.790708606782806
2015_1208_1234,0.855569551812003
2015_1208_1235,0.520626261260328
2015_1208_1242,0.477022531692555
2015_1208_1246,0.124711317437344
2015_1208_1248,0.955937388615699
2015_1208_1257,0.586380471095369
2015_1208_1261,0.846992954795402
2015_1208_1268,0.614255378823824
2015_1208_1277,0.620309604444933
2015_1208_1279,0.877776329208168
2015_1208_1295,0.951284069131165
2015_1208_1301,0.802329498392727
2015_1208_1308,0.946302793420479
2015_1208_1314,0.485322156582756
2015_1208_1318,0.923974024464596
2015_1208_1320,0.707901880671781
2015_1208_1323,0.385524646962027
2015_1208_1326,0.719390479421202
2015_1208_1328,0.686902498297296
2015_1208_1329,0.869213469243083
2015_1208_1332,0.807811078793004
2015_1208_1344,0.858304931143247
2015_1208_1345,0.844617193454409
2015_1208_1352,0.960365240130709
2015_1208_1361,0.903451256184232
2015_1208_1372,0.923023670707445
2015_1208_1374,0.765942306306472
2015_1208_1385,0.925122103037561
2015_1208_1400,0.751864767210238
2015_1208_1411,0.925483718396789
2015_1208_1412,0.950288431719653
2015_1208_1414,0.939917616660653
2015_1208_1417,0.86666503228765
2015_1208_1428,0.840048467973216
2015_1208_1433,0.775397710985687
2015_1208_1434,0.903289572877384
2015_1208_1437,0.453255616120261
2015_1208_1438,0.409281530974252
2015_1208_1452,0.759186988843476
2015_1208_1455,0.616855208998577
2015_1208_1458,0.269899778797525
2015_1208_1459,0.929502782204917
2015_1208_1461,0.898775687708032
2015_1208_1462,0.806143623107526
2015_1209_1211,0.0572908744475579
2015_1209_1214,0.326536752507905
2015_1209_1217,0.346906878979792
2015_1209_1231,0.194587160199386
2015_1209_1234,0.274739507876863
2015_1209_1235,0.0649413368619425
2015_1209_1242,0.0551144713943638
2015_1209_1246,0.00902913145462956
2015_1209_1248,0.581127596039231
2015_1209_1257,0.0831228010199829
2015_1209_1261,0.261445625037806
2015_1209_1268,0.0924197249900559
2015_1209_1277,0.0945918713410217
2015_1209_1279,0.314721385959157
2015_1209_1295,0.555305235964876
2015_1209_1301,0.206073341970038
2015_1209_1308,0.529845677678068
2015_1209_1314,0.0568716687315174
2015_1209_1318,0.437314579982107
2015_1209_1320,0.134183923147486
2015_1209_1323,0.0385739488534205
2015_1209_1326,0.140851382465458
2015_1209_1328,0.123034904375699
2015_1209_1329,0.298248038953133
2015_1209_1332,0.211847078785594
2015_1209_1344,0.279207770757234
2015_1209_1345,0.25794344525836
2015_1209_1352,0.607765764795541
2015_1209_1361,0.374372782234882
2015_1209_1372,0.434007283447117
2015_1209_1374,0.173053729695035
2015_1209_1385,0.44136852236296
2015_1209_1400,0.162316226240133
2015_1209_1411,0.442658906625909
2015_1209_1412,0.550044642824895
2015_1209_1414,0.500099685738922
2015_1209_1417,0.293615467093395
2015_1209_1428,0.251413444058805
2015_1209_1433,0.180845153954638
2015_1209_1434,0.373939063653058
2015_1209_1437,0.0503448801643113
2015_1209_1438,0.0424271590423546
2015_1209_1452,0.167779132224827
2015_1209_1455,0.0933453597324322
2015_1209_1458,0.0230942180924666
2015_1209_1459,0.457453078214602
2015_1209_1461,0.36216440674
2015_1209_1462,0.210065200109359
2015_1211_1214,0.888620355308446
2015_1211_1217,0.897334547418238
2015_1211_1231,0.799013744628116
2015_1211_1234,0.861750878825407
2015_1211_1235,0.533323407147204
2015_1211_1242,0.489742679485741
2015_1211_1246,0.1303789272348
2015_1211_1248,0.958033876342238
2015_1211_1257,0.598678511969209
2015_1211_1261,0.853478481172796
2015_1211_1268,0.626252881122652
2015_1211_1277,0.632231546302847
2015_1211_1279,0.883137068204543
2015_1211_1295,0.953591211907906
2015_1211_1301,0.810284136507362
2015_1211_1308,0.948833156090037
2015_1211_1314,0.498052852062871
2015_1211_1318,0.927475941722866
2015_1211_1320,0.718322400799928
2015_1211_1323,0.397660149493125
2015_1211_1326,0.729557724395403
2015_1211_1328,0.69775230771765
2015_1211_1329,0.87489624867858
2015_1211_1332,0.815595826997703
2015_1211_1344,0.864387745520771
2015_1211_1345,0.851185728491138
2015_1211_1352,0.962259369359019
2015_1211_1361,0.907804169580494
2015_1211_1372,0.926565884167171
2015_1211_1374,0.774950508276016
2015_1211_1385,0.928575225309009
2015_1211_1400,0.761245885638725
2015_1211_1411,0.928921445439503
2015_1211_1412,0.952640379506773
2015_1211_1414,0.942730657312322
2015_1211_1417,0.87244229340221
2015_1211_1428,0.84677510059634
2015_1211_1433,0.784144558125189
2015_1211_1434,0.907649030652174
2015_1211_1437,0.465906603502853
2015_1211_1438,0.421651699917339
2015_1211_1452,0.768376560794311
2015_1211_1455,0.628820712826927
2015_1211_1458,0.280054457713004
2015_1211_1459,0.932768563555151
2015_1211_1461,0.903316841059603
2015_1211_1462,0.813980359592866
2015_1214_1217,0.522791089939119
2015_1214_1231,0.332570058981374
2015_1214_1234,0.438607204765774
2015_1214_1235,0.125292997818155
2015_1214_1242,0.107382536670397
2015_1214_1246,0.0184451208628444
2015_1214_1248,0.741023481119941
2015_1214_1257,0.157524499323454
2015_1214_1261,0.421997822059177
2015_1214_1268,0.173567643328255
2015_1214_1277,0.177274482605441
2015_1214_1279,0.486441620826788
2015_1214_1295,0.720314211273063
2015_1214_1301,0.348675104114745
2015_1214_1308,0.699184118327229
2015_1214_1314,0.110611101134415
2015_1214_1318,0.615815145390027
2015_1214_1320,0.24221569311763
2015_1214_1323,0.0764244745059607
2015_1214_1326,0.252684515993707
2015_1214_1328,0.224417155325327
2015_1214_1329,0.467106674798746
2015_1214_1332,0.356649417832198
2015_1214_1344,0.444108604687919
2015_1214_1345,0.417560910463659
2015_1214_1352,0.761663491529438
2015_1214_1361,0.552403912138654
2015_1214_1372,0.612627666612691
2015_1214_1374,0.301482832141856
2015_1214_1385,0.619701418189247
2015_1214_1400,0.28552808228141
2015_1214_1411,0.620933655495744
2015_1214_1412,0.716007332687415
2015_1214_1414,0.673550929190856
2015_1214_1417,0.461576440714147
2015_1214_1428,0.409218462777841
2015_1214_1433,0.312868856381908
2015_1214_1434,0.551945902777763
2015_1214_1437,0.098561505459447
2015_1214_1438,0.0837293533090828
2015_1214_1452,0.293683967047367
2015_1214_1455,0.175149172720017
2015_1214_1458,0.0464898080708151
2015_1214_1459,0.634898712260853
2015_1214_1461,0.539395330620901
2015_1214_1462,0.35419693471914
2015_1217_1231,0.312638783828581
2015_1217_1234,0.416284655784415
2015_1217_1235,0.115631893176983
2015_1217_1242,0.0989462511383514
2015_1217_1246,0.0168640111265313
2015_1217_1248,0.723135287365867
2015_1217_1257,0.145792325459428
2015_1217_1261,0.399918414139787
2015_1217_1268,0.160868758907512
2015_1217_1277,0.164358328167201
2015_1217_1279,0.463695404854184
2015_1217_1295,0.701571648386971
2015_1217_1301,0.328253334521885
2015_1217_1308,0.679655297787297
2015_1217_1314,0.101950140222333
2015_1217_1318,0.594016703890634
2015_1217_1320,0.225866933455021
2015_1217_1323,0.0702289885593252
2015_1217_1326,0.235849067481083
2015_1217_1328,0.208938500533851
2015_1217_1329,0.44448206642775
2015_1217_1332,0.336001535924134
2015_1217_1344,0.421716393465127
2015_1217_1345,0.395554779292715
2015_1217_1352,0.744709803374223
2015_1217_1361,0.529754972686586
2015_1217_1372,0.590768554526998
2015_1217_1374,0.282625714741837
2015_1217_1385,0.597979530181989
2015_1217_1400,0.267287041500916
2015_1217_1411,0.599236633491185
2015_1217_1412,0.697097520668771
2015_1217_1414,0.653183455705167
2015_1217_1417,0.438999028587842
2015_1217_1428,0.387359589462884
2015_1217_1433,0.293598905319144
2015_1217_1434,0.529293535745005
2015_1217_1437,0.09074777157901
2015_1217_1438,0.0769910498951046
2015_1217_1452,0.27512252314753
2015_1217_1455,0.162357309502762
2015_1217_1458,0.0426090731911522
2015_1217_1459,0.613503483018183
2015_1217_1461,0.51666408892551
2015_1217_1462,0.333617409345567
2015_1231_1234,0.610583910340906
2015_1231_1235,0.22328055896889
2015_1231_1242,0.194477186279781
2015_1231_1246,0.036342287402454
2015_1231_1248,0.851685057146538
2015_1231_1257,0.272856128870278
2015_1231_1261,0.594356931453787
2015_1231_1268,0.296511237098761
2015_1231_1277,0.301884627313254
2015_1231_1279,0.655281567312841
2015_1231_1295,0.837889036623262
2015_1231_1301,0.517921282401047
2015_1231_1308,0.823464668106297
2015_1231_1314,0.199738385502937
2015_1231_1318,0.762856932311066
2015_1231_1320,0.390791529363646
2015_1231_1323,0.142416132003045
2015_1231_1326,0.40425621613004
2015_1231_1328,0.367368122257914
2015_1231_1329,0.637567124651216
2015_1231_1332,0.526636597924935
2015_1231_1344,0.615875965252488
2015_1231_1345,0.589957503063747
2015_1231_1352,0.865110947637508
2015_1231_1361,0.712380172292068
2015_1231_1372,0.760414787327497
2015_1231_1374,0.464145945375651
2015_1231_1385,0.765821412083182
2015_1231_1400,0.445067773503057
2015_1231_1411,0.766758391753458
2015_1231_1412,0.834977903081341
2015_1231_1414,0.805475324382327
2015_1231_1417,0.63241378799829
2015_1231_1428,0.581610153382508
2015_1231_1433,0.477475962866007
2015_1231_1434,0.712000515924174
2015_1231_1437,0.179943968231221
2015_1231_1438,0.154970300092421
2015_1231_1452,0.454879420502427
2015_1231_1455,0.298807973808172
2015_1231_1458,0.089127652769705
2015_1231_1459,0.777278144088558
2015_1231_1461,0.701508700045875
2015_1231_1462,0.523967206180883
2015_1234_1235,0.154933748628195
2015_1234_1242,0.133432533863773
2015_1234_1246,0.0234874475217339
2015_1234_1248,0.785516977328211
2015_1234_1257,0.193106939675431
2015_1234_1261,0.483066249836589
2015_1234_1268,0.211862664148582
2015_1234_1277,0.216173429982948
2015_1234_1279,0.547994215064686
2015_1234_1295,0.767248128820566
2015_1234_1301,0.406596945315321
2015_1234_1308,0.74842546060098
2015_1234_1314,0.137323824210337
2015_1234_1318,0.672307370474891
2015_1234_1320,0.290335824199915
2015_1234_1323,0.0957701083067016
2015_1234_1326,0.302055433945178
2015_1234_1328,0.270262412305067
2015_1234_1329,0.528731553544455
2015_1234_1332,0.415051801006606
2015_1234_1344,0.505577959174171
2015_1234_1345,0.478518826546692
2015_1234_1352,0.803551005943069
2015_1234_1361,0.612350876238915
2015_1234_1372,0.669336922763112
2015_1234_1374,0.355848214067403
2015_1234_1385,0.675922920708185
2015_1234_1400,0.33841024876558
2015_1234_1411,0.677067919425716
2015_1234_1412,0.763426616732193
2015_1234_1414,0.725339937595767
2015_1234_1417,0.523188031695666
2015_1234_1428,0.469941146083232
2015_1234_1433,0.368205148930823
2015_1234_1434,0.611911113219522
2015_1234_1437,0.122765913667081
2015_1234_1438,0.104714449010306
2015_1234_1452,0.347342319392333
2015_1234_1455,0.21370290296817
2015_1234_1458,0.0587398915493687
2015_1234_1459,0.689997418169405
2015_1234_1461,0.599822408155783
2015_1234_1462,0.412455185150329
2015_1235_1242,0.456478776099593
2015_1235_1246,0.115975681659683
2015_1235_1248,0.952326348575999
2015_1235_1257,0.566226192295324
2015_1235_1261,0.83598551165961
2015_1235_1268,0.59452012524619
2015_1235_1277,0.600682735048011
2015_1235_1279,0.868640006691278
2015_1235_1295,0.947312696532454
2015_1235_1301,0.788909717006654
2015_1235_1308,0.941950122121705
2015_1235_1314,0.464738596745387
2015_1235_1318,0.917968292393982
2015_1235_1320,0.690544012091357
2015_1235_1323,0.366162453776462
2015_1235_1326,0.702428337338562
2015_1235_1328,0.668880440824594
2015_1235_1329,0.859539490563839
2015_1235_1332,0.794668201428541
2015_1235_1344,0.847965204911663
2015_1235_1345,0.83347243971409
2015_1235_1352,0.95710078895918
2015_1235_1361,0.896006779148964
2015_1235_1372,0.9169496126291
2015_1235_1374,0.750819419905205
2015_1235_1385,0.919199133271209
2015_1235_1400,0.736145639245293
2015_1235_1411,0.919586866683182
2015_1235_1412,0.946240480604365
2015_1235_1414,0.935082872189498
2015_1235_1417,0.856833599379593
2015_1235_1428,0.828642506950816
2015_1235_1433,0.760694880740235
2015_1235_1434,0.895834066493554
2015_1235_1437,0.432888181486849
2015_1235_1438,0.389482463784509
2015_1235_1452,0.743773640194079
2015_1235_1455,0.597165736624286
2015_1235_1458,0.253944736250064
2015_1235_1459,0.923897826374916
2015_1235_1461,0.891014186575936
2015_1235_1462,0.792915948101462
2015_1242_1246,0.135102471919373
2015_1242_1248,0.959653028907334
2015_1242_1257,0.60849656153251
2015_1242_1261,0.858535965936824
2015_1242_1268,0.635806714021324
2015_1242_1277,0.641719984117355
2015_1242_1279,0.887306000805204
2015_1242_1295,0.955373788614768
2015_1242_1301,0.816512026179783
2015_1242_1308,0.950789059857602
2015_1242_1314,0.508310836530541
2015_1242_1318,0.93018817844575
2015_1242_1320,0.726550371135684
2015_1242_1323,0.407529191500698
2015_1242_1326,0.737577401102651
2015_1242_1328,0.706335497275977
2015_1242_1329,0.879318989219576
2015_1242_1332,0.821687719326399
2015_1242_1344,0.869126416594807
2015_1242_1345,0.856309028448029
2015_1242_1352,0.963721665902396
2015_1242_1361,0.911181635038836
2015_1242_1372,0.929309560982165
2015_1242_1374,0.782026284087377
2015_1242_1385,0.93124939869465
2015_1242_1400,0.768623898807085
2015_1242_1411,0.931583611270773
2015_1242_1412,0.954457733764205
2015_1242_1414,0.944906290206279
2015_1242_1417,0.876939585074801
2015_1242_1428,0.852023849224147
2015_1242_1433,0.791009221195368
2015_1242_1434,0.9110316224229
2015_1242_1437,0.476130534750773
2015_1242_1438,0.431689431018278
2015_1242_1452,0.77559917675219
2015_1242_1455,0.638346812144998
2015_1242_1458,0.288402276422614
2015_1242_1459,0.935296676423513
2015_1242_1461,0.906841824259365
2015_1242_1462,0.820113849064308
2015_1246_1248,0.993475421431403
2015_1246_1257,0.908675957239934
2015_1246_1261,0.974907181010963
2015_1246_1268,0.917872635342096
2015_1246_1277,0.919783913576629
2015_1246_1279,0.980546655646005
2015_1246_1295,0.992756340868096
2015_1246_1301,0.966087476258125
2015_1246_1308,0.991979914391405
2015_1246_1314,0.868735450634252
2015_1246_1318,0.988412360877804
2015_1246_1320,0.944473533062107
2015_1246_1323,0.814933071814796
2015_1246_1326,0.947349499978844
2015_1246_1328,0.939016508190908
2015_1246_1329,0.97901161743283
2015_1246_1332,0.967213471529542
2015_1246_1344,0.977018908508086
2015_1246_1345,0.974457666314368
2015_1246_1352,0.99415414444706
2015_1246_1361,0.985001992565472
2015_1246_1372,0.988257273862889
2015_1246_1374,0.958277280426997
2015_1246_1385,0.988599354087631
2015_1246_1400,0.955089555844167
2015_1246_1411,0.988658170707794
2015_1246_1412,0.992601705874152
2015_1246_1414,0.990974435641994
2015_1246_1417,0.978549851884773
2015_1246_1428,0.973587257634114
2015_1246_1433,0.960364852850378
2015_1246_1434,0.98497460520635
2015_1246_1437,0.853338238247505
2015_1246_1438,0.829433242550544
2015_1246_1452,0.956759707494774
2015_1246_1455,0.91869700510222
2015_1246_1458,0.721802655170177
2015_1246_1459,0.989309256488721
2015_1246_1461,0.984206646135239
2015_1246_1462,0.96687229583828
2015_1248_1257,0.061337850454578
2015_1248_1261,0.203287540928553
2015_1248_1268,0.0683799384224007
2015_1248_1277,0.0700306733921909
2015_1248_1279,0.248702981497011
2015_1248_1295,0.473705733480526
2015_1248_1301,0.157604226158615
2015_1248_1308,0.448216546864436
2015_1248_1314,0.0416540967118458
2015_1248_1318,0.359054114964571
2015_1248_1320,0.100483389637212
2015_1248_1323,0.0281065235367946
2015_1248_1326,0.105680697879203
2015_1248_1328,0.0918374596509997
2015_1248_1329,0.234502711392286
2015_1248_1332,0.162297569370438
2015_1248_1344,0.218266222688569
2015_1248_1345,0.200353074903034
2015_1248_1352,0.527603493558555
2015_1248_1361,0.301343867630968
2015_1248_1372,0.355964259148932
2015_1248_1374,0.131068797113881
2015_1248_1385,0.362850406268787
2015_1248_1400,0.122550283903427
2015_1248_1411,0.364060836663884
2015_1248_1412,0.468403926351566
2015_1248_1414,0.418969468438372
2015_1248_1417,0.230534999531701
2015_1248_1428,0.194898089271124
2015_1248_1433,0.137283740566697
2015_1248_1434,0.300954055604318
2015_1248_1437,0.0368055750547324
2015_1248_1438,0.0309477842757065
2015_1248_1452,0.126877540706578
2015_1248_1455,0.0690831284338348
2015_1248_1458,0.0167541710671842
2015_1248_1459,0.378009790979973
2015_1248_1461,0.29041151125733
2015_1248_1462,0.160847404561117
2015_1257_1261,0.796114766749615
2015_1257_1268,0.529020574232495
2015_1257_1277,0.535400727474166
2015_1257_1279,0.835141930686591
2015_1257_1295,0.932313622161558
2015_1257_1301,0.741138730681954
2015_1257_1308,0.925544412123068
2015_1257_1314,0.39945161822601
2015_1257_1318,0.895536624797542
2015_1257_1320,0.630926466411315
2015_1257_1323,0.306786492642601
2015_1257_1326,0.643919730032788
2015_1257_1328,0.607461791879701
2015_1257_1329,0.824190399800982
2015_1257_1332,0.747783764989302
2015_1257_1344,0.810345972671468
2015_1257_1345,0.79314194987256
2015_1257_1352,0.944725611057878
2015_1257_1361,0.868430445402799
2015_1257_1372,0.894271469364065
2015_1257_1374,0.6977311284967
2015_1257_1385,0.897066299724934
2015_1257_1400,0.68125825774527
2015_1257_1411,0.897548402810342
2015_1257_1412,0.930958413046525
2015_1257_1414,0.916907583486063
2015_1257_1417,0.820945386709845
2015_1257_1428,0.787440596159477
2015_1257_1433,0.708894822237153
2015_1257_1434,0.868218669723536
2015_1257_1437,0.368991097014766
2015_1257_1438,0.32828354918333
2015_1257_1452,0.689804409252962
2015_1257_1455,0.531756957849995
2015_1257_1458,0.206827859637272
2015_1257_1459,0.902916114354541
2015_1257_1461,0.862317380282188
2015_1257_1462,0.745759416336096
2015_1261_1268,0.223397977441681
2015_1261_1277,0.227875590300437
2015_1261_1279,0.564717575625888
2015_1261_1295,0.779129069993896
2015_1261_1301,0.42304382020439
2015_1261_1308,0.760967878505799
2015_1261_1314,0.145550206468395
2015_1261_1318,0.687057922755651
2015_1261_1320,0.304493062435701
2015_1261_1323,0.101800965023277
2015_1261_1326,0.316529249509857
2015_1261_1328,0.283832317575062
2015_1261_1329,0.545576605626406
2015_1261_1332,0.431591933459513
2015_1261_1344,0.522503207106826
2015_1261_1345,0.495445950443683
2015_1261_1352,0.814028017378396
2015_1261_1361,0.62830818995559
2015_1261_1372,0.684158369690753
2015_1261_1374,0.371527543580781
2015_1261_1385,0.690585626031969
2015_1261_1400,0.353743176768117
2015_1261_1411,0.691702448765565
2015_1261_1412,0.775445536531696
2015_1261_1414,0.73863136163819
2015_1261_1417,0.540058863751552
2015_1261_1428,0.486848118536074
2015_1261_1433,0.38410428362562
2015_1261_1434,0.627875528599541
2015_1261_1437,0.130251877901095
2015_1261_1438,0.111239259790688
2015_1261_1452,0.362857984346698
2015_1261_1455,0.225309768398839
2015_1261_1458,0.0626003100978209
2015_1261_1459,0.704301909960301
2015_1261_1461,0.615972016903809
2015_1261_1462,0.428967724711717
2015_1268_1277,0.506406480016288
2015_1268_1279,0.81851279250224
2015_1268_1295,0.924601217713672
2015_1268_1301,0.71822674593405
2015_1268_1308,0.917129261218239
2015_1268_1314,0.371925910309955
2015_1268_1318,0.884154424087896
2015_1268_1320,0.603478585061662
2015_1268_1323,0.282640991392704
2015_1268_1326,0.616851336490269
2015_1268_1328,0.579432086187222
2015_1268_1329,0.806712256213037
2015_1268_1332,0.725241892825728
2015_1268_1344,0.791839098471461
2015_1268_1345,0.773425665752703
2015_1268_1352,0.93833392508168
2015_1268_1361,0.854574398527377
2015_1268_1372,0.882769464150006
2015_1268_1374,0.672673953959887
2015_1268_1385,0.885829521839035
2015_1268_1400,0.655509744593979
2015_1268_1411,0.886357586656791
2015_1268_1412,0.923104327744666
2015_1268_1414,0.907613715464214
2015_1268_1417,0.803221662281054
2015_1268_1428,0.767340302890474
2015_1268_1433,0.684344414000482
2015_1268_1434,0.8543440607182
2015_1268_1437,0.342367764558664
2015_1268_1438,0.303186113394076
2015_1268_1452,0.664406185287336
2015_1268_1455,0.502746508402684
2015_1268_1458,0.188411301725348
2015_1268_1459,0.892241222215072
2015_1268_1461,0.847930278180047
2015_1268_1462,0.723103612814395
2015_1277_1279,0.814674745457259
2015_1277_1295,0.922795085134121
2015_1277_1301,0.713011481751106
2015_1277_1308,0.915160565799842
2015_1277_1314,0.36595935389043
2015_1277_1318,0.881503583832265
2015_1277_1320,0.597330198837919
2015_1277_1323,0.277473986739966
2015_1277_1326,0.610776568379128
2015_1277_1328,0.573174554461342
2015_1277_1329,0.802684813377549
2015_1277_1332,0.720105870661144
2015_1277_1344,0.787583352373194
2015_1277_1345,0.768903333378672
2015_1277_1352,0.936834277881935
2015_1277_1361,0.851360483584377
2015_1277_1372,0.880091230479887
2015_1277_1374,0.667006465687037
2015_1277_1385,0.883211948986416
2015_1277_1400,0.649699830420465
2015_1277_1411,0.883750531869035
2015_1277_1412,0.921265391483119
2015_1277_1414,0.905442273180463
2015_1277_1417,0.799139596868885
2015_1277_1428,0.762733770220267
2015_1277_1433,0.678782501667066
2015_1277_1434,0.851125942099628
2015_1277_1437,0.336621248282593
2015_1277_1438,0.29779943937175
2015_1277_1452,0.658668183811837
2015_1277_1455,0.496339770772857
2015_1277_1458,0.184523819220829
2015_1277_1459,0.889752354439611
2015_1277_1461,0.844596229690582
2015_1277_1462,0.717943165165898
2015_1279_1295,0.731111178302788
2015_1279_1301,0.361093494086708
2015_1279_1308,0.710468916458095
2015_1279_1314,0.116061494065857
2015_1279_1318,0.628565993507116
2015_1279_1320,0.252311247422245
2015_1279_1323,0.0803424853086968
2015_1279_1326,0.263064935272014
2015_1279_1328,0.233999943726848
2015_1279_1329,0.480630500320504
2015_1279_1332,0.36919083341085
2015_1279_1344,0.457538274433967
2015_1279_1345,0.430809943541761
2015_1279_1352,0.771370865385437
2015_1279_1361,0.565775354567781
2015_1279_1372,0.625419956306464
2015_1279_1374,0.313028220006081
2015_1279_1385,0.632400277420229
2015_1279_1400,0.296722020148605
2015_1279_1411,0.633615695098329
2015_1279_1412,0.726907527102317
2015_1279_1414,0.685364605312952
2015_1279_1417,0.475082896512222
2015_1279_1428,0.422394760156886
2015_1279_1433,0.324647622856812
2015_1279_1434,0.565320261124406
2015_1279_1437,0.10348723824778
2015_1279_1438,0.0879861822561682
2015_1279_1452,0.30506112760897
2015_1279_1455,0.183124909039877
2015_1279_1458,0.0489545195246224
2015_1279_1459,0.647378863020453
2015_1279_1461,0.552840812896886
2015_1279_1462,0.366701265751635
2015_1295_1301,0.172089727977347
2015_1295_1308,0.474371228028525
2015_1295_1314,0.0460653172933303
2015_1295_1318,0.383623179532944
2015_1295_1320,0.110406962597224
2015_1295_1323,0.0311296423475847
2015_1295_1326,0.116051327771928
2015_1295_1328,0.101003051099928
2015_1295_1329,0.25392553908497
2015_1295_1332,0.177123738991474
2015_1295_1344,0.236760184876968
2015_1295_1345,0.217752018426752
2015_1295_1352,0.553741734148352
2015_1295_1361,0.323959940982225
2015_1295_1372,0.380447392536793
2015_1295_1374,0.143530959262532
2015_1295_1385,0.387522181164608
2015_1295_1400,0.134327706390988
2015_1295_1411,0.388764696141032
2015_1295_1412,0.494680515253346
2015_1295_1414,0.444793232322759
2015_1295_1417,0.249736410993299
2015_1295_1428,0.211948874733243
2015_1295_1433,0.150234657958935
2015_1295_1434,0.323554421868574
2015_1295_1437,0.0407251509722864
2015_1295_1438,0.0342657326005213
2015_1295_1452,0.139004944127205
2015_1295_1455,0.0761682498235854
2015_1295_1458,0.0185795811704908
2015_1295_1459,0.403060265226116
2015_1295_1461,0.312574181336121
2015_1295_1462,0.175568863704616
2015_1301_1308,0.812796385249707
2015_1301_1314,0.188521458416399
2015_1301_1318,0.749639592082707
2015_1301_1320,0.373857766996021
2015_1301_1323,0.133879772650609
2015_1301_1326,0.387109745330059
2015_1301_1328,0.35086477778215
2015_1301_1329,0.620837483163949
2015_1301_1332,0.50873198880222
2015_1301_1344,0.598775167032732
2015_1301_1345,0.572503769578044
2015_1301_1352,0.856520895768818
2015_1301_1361,0.697465198845624
2015_1301_1372,0.747106455566657
2015_1301_1374,0.446362522157071
2015_1301_1385,0.752715739901527
2015_1301_1400,0.427432250112879
2015_1301_1411,0.753688291584999
2015_1301_1412,0.824857400117675
2015_1301_1414,0.793991887571464
2015_1301_1417,0.615589694484713
2015_1301_1428,0.564063658401054
2015_1301_1433,0.459619879762585
2015_1301_1434,0.697074226604607
2015_1301_1437,0.169603067924167
2015_1301_1438,0.145809390685936
2015_1301_1452,0.437161387995125
2015_1301_1455,0.284001918653535
2015_1301_1458,0.0834744787598246
2015_1301_1459,0.764616571097983
2015_1301_1461,0.686278239842605
2015_1301_1462,0.506056329112138
2015_1308_1314,0.0507900343850333
2015_1308_1318,0.408156220314145
2015_1308_1320,0.120894580883484
2015_1308_1323,0.0343776786914568
2015_1308_1326,0.126998564865577
2015_1308_1328,0.110708554377735
2015_1308_1329,0.273849356914909
2015_1308_1332,0.192576902259652
2015_1308_1344,0.255798933991621
2015_1308_1345,0.235734349247545
2015_1308_1352,0.578935623044921
2015_1308_1361,0.346824389141703
2015_1308_1372,0.404910755861113
2015_1308_1374,0.15661111495209
2015_1308_1385,0.412137843295601
2015_1308_1400,0.146712827816889
2015_1308_1411,0.413406011143394
2015_1308_1412,0.520320368479473
2015_1308_1414,0.470253654056916
2015_1308_1417,0.269450246010792
2015_1308_1428,0.229592628869684
2015_1308_1433,0.163808885769948
2015_1308_1434,0.346404914643155
2015_1308_1437,0.044927946803948
2015_1308_1438,0.0378282098037462
2015_1308_1452,0.151745716644745
2015_1308_1455,0.0837095562271027
2015_1308_1458,0.0205459249557316
2015_1308_1459,0.427973250819011
2015_1308_1461,0.335033287130721
2015_1308_1462,0.190917845582078
2015_1314_1318,0.927998097560501
2015_1314_1320,0.719895632914494
2015_1314_1323,0.399527212247504
2015_1314_1326,0.731091696233011
2015_1314_1328,0.69939234916745
2015_1314_1329,0.875746249944298
2015_1314_1332,0.816764353249508
2015_1314_1344,0.865298152683862
2015_1314_1345,0.852169607233367
2015_1314_1352,0.9625412072872
2015_1314_1361,0.908453977746734
2015_1314_1372,0.927094077153859
2015_1314_1374,0.776305953297353
2015_1314_1385,0.92909007167529
2015_1314_1400,0.762658592275525
2015_1314_1411,0.929433985823607
2015_1314_1412,0.952990540493175
2015_1314_1414,0.943149714978474
2015_1314_1417,0.873306553326152
2015_1314_1428,0.847782925217401
2015_1314_1433,0.785459958635491
2015_1314_1434,0.908299821805925
2015_1314_1437,0.467845213072438
2015_1314_1438,0.423552197653021
2015_1314_1452,0.769759836363535
2015_1314_1455,0.630636788701287
2015_1314_1458,0.281627519170075
2015_1314_1459,0.933255356006467
2015_1314_1461,0.903994931748472
2015_1314_1462,0.815156802650681
2015_1318_1320,0.166256618819013
2015_1318_1323,0.0490896025482733
2015_1318_1326,0.174197102181686
2015_1318_1328,0.152913399977247
2015_1318_1329,0.353523563849476
2015_1318_1332,0.256973350028516
2015_1318_1344,0.332627124699208
2015_1318_1345,0.309038725214774
2015_1318_1352,0.665966541662944
2015_1318_1361,0.435011051704301
2015_1318_1372,0.496637056418473
2015_1318_1374,0.212140717122437
2015_1318_1385,0.504114430078921
2015_1318_1400,0.199563246717956
2015_1318_1411,0.505422287216271
2015_1318_1412,0.611333025113073
2015_1318_1414,0.562783536459113
2015_1318_1417,0.348458747860852
2015_1318_1428,0.301741192211019
2015_1318_1433,0.221221181275713
2015_1318_1434,0.434555878025835
2015_1318_1437,0.0638562822267908
2015_1318_1438,0.0539343103443993
2015_1318_1452,0.205971502504206
2015_1318_1455,0.116975593613855
2015_1318_1458,0.0295195068819379
2015_1318_1459,0.520355658229443
2015_1318_1461,0.422159573806938
2015_1318_1462,0.254934680464641
2015_1320_1323,0.205644945048168
2015_1320_1326,0.514052416859609
2015_1320_1328,0.47513602125447
2015_1320_1329,0.732786526166995
2015_1320_1332,0.634282587461437
2015_1320_1344,0.714239922149912
2015_1320_1345,0.691635376922644
2015_1320_1352,0.909074903138273
2015_1320_1361,0.794286276250728
2015_1320_1372,0.831870349837381
2015_1320_1374,0.574521593016113
2015_1320_1385,0.836012212027954
2015_1320_1400,0.555610692655561
2015_1320_1411,0.836728224148018
2015_1320_1412,0.887485707213476
2015_1320_1414,0.865862395493693
2015_1320_1417,0.728410357365708
2015_1320_1428,0.684250093419484
2015_1320_1433,0.587545819812312
2015_1320_1434,0.793983468989975
2015_1320_1437,0.254882195282124
2015_1320_1438,0.222327838310006
2015_1320_1452,0.565376474388595
2015_1320_1455,0.399153278850803
2015_1320_1458,0.132349039849319
2015_1320_1459,0.844731221896735
2015_1320_1461,0.785578855520643
2015_1320_1462,0.631795815781911
2015_1323_1326,0.803387739701983
2015_1323_1328,0.777618453979422
2015_1323_1329,0.913740465339098
2015_1323_1332,0.870119194479056
2015_1323_1344,0.906144785827433
2015_1323_1345,0.896521220514831
2015_1323_1352,0.974760236356937
2015_1323_1361,0.937164454479375
2015_1323_1372,0.950278639177159
2015_1323_1374,0.839121069797252
2015_1323_1385,0.951672981661415
2015_1323_1400,0.828459175594109
2015_1323_1411,0.951913037195999
2015_1323_1412,0.968222135456992
2015_1323_1414,0.961440836207255
2015_1323_1417,0.911971790019467
2015_1323_1428,0.893285809270533
2015_1323_1433,0.846213775588636
2015_1323_1434,0.93705529482113
2015_1323_1437,0.569212413768191
2015_1323_1438,0.524786518857895
2015_1323_1452,0.834020134783549
2015_1323_1455,0.71958117618266
2015_1323_1458,0.370757753021709
2015_1323_1459,0.9545765890666
2015_1323_1461,0.934002251153934
2015_1323_1462,0.868904601965825
2015_1326_1328,0.461137917884463
2015_1326_1329,0.721634159756335
2015_1326_1332,0.62114456732269
2015_1326_1344,0.702627618965317
2015_1326_1345,0.679516670700558
2015_1326_1352,0.904319391927405
2015_1326_1361,0.784947383126945
2015_1326_1372,0.823859308805977
2015_1326_1374,0.560723536970362
2015_1326_1385,0.828157754885534
2015_1326_1400,0.541688588426112
2015_1326_1411,0.828901042800082
2015_1326_1412,0.881747929268262
2015_1326_1414,0.85919686341577
2015_1326_1417,0.717145847867202
2015_1326_1428,0.671978798457181
2015_1326_1433,0.573856846691399
2015_1326_1434,0.784634556493223
2015_1326_1437,0.2443520928046
2015_1326_1438,0.212758644278083
2015_1326_1452,0.55151335829693
2015_1326_1455,0.385748503529212
2015_1326_1458,0.126025017282214
2015_1326_1459,0.83721305914569
2015_1326_1461,0.775956167782426
2015_1326_1462,0.618622175601995
2015_1328_1329,0.751820360688544
2015_1328_1332,0.657049143857503
2015_1328_1344,0.734115501817786
2015_1328_1345,0.712450209392993
2015_1328_1352,0.916974315712428
2015_1328_1361,0.810074826564083
2015_1328_1372,0.845336006293513
2015_1328_1374,0.598654383627801
2015_1328_1385,0.849206275094118
2015_1328_1400,0.580032029267556
2015_1328_1411,0.849875023535526
2015_1328_1412,0.897048338131683
2015_1328_1414,0.877008112453312
2015_1328_1417,0.747648562875791
2015_1328_1428,0.705351062887831
2015_1328_1433,0.611439500442669
2015_1328_1434,0.809789694317709
2015_1328_1437,0.274242565476091
2015_1328_1438,0.240011950979913
2015_1328_1452,0.589657493202645
2015_1328_1455,0.423247444591609
2015_1328_1458,0.144203289593198
2015_1328_1459,0.857343479652828
2015_1328_1461,0.801868998122479
2015_1328_1462,0.654632886223705
2015_1329_1332,0.387419347036428
2015_1329_1344,0.476831553410596
2015_1329_1345,0.449910930389887
2015_1329_1352,0.784753348583229
2015_1329_1361,0.584713143965468
2015_1329_1372,0.643396035523441
2015_1329_1374,0.329934111322853
2015_1329_1385,0.650228714641478
2015_1329_1400,0.313148691872662
2015_1329_1411,0.65141767709431
2015_1329_1412,0.742022194057972
2015_1329_1414,0.701835409697615
2015_1329_1417,0.494441665675495
2015_1329_1428,0.441411987773007
2015_1329_1433,0.341868759207564
2015_1329_1434,0.584263314021376
2015_1329_1437,0.110903292029265
2015_1329_1438,0.0944083839160636
2015_1329_1452,0.321738255721107
2015_1329_1455,0.195006561195479
2015_1329_1458,0.0526923612102137
2015_1329_1459,0.664865822625884
2015_1329_1461,0.571915888896039
2015_1329_1462,0.384881857585919
2015_1332_1344,0.59035490396928
2015_1332_1345,0.563933686982824
2015_1332_1352,0.852174374522552
2015_1332_1361,0.690043953762864
2015_1332_1372,0.740449770267928
2015_1332_1374,0.437747160776107
2015_1332_1385,0.74615653645699
2015_1332_1400,0.418905806150981
2015_1332_1411,0.74714621928609
2015_1332_1412,0.819753528208044
2015_1332_1414,0.788219490837183
2015_1332_1417,0.60729087237378
2015_1332_1428,0.555455758101414
2015_1332_1433,0.450957060878007
2015_1332_1434,0.689647658448977
2015_1332_1437,0.164740009334404
2015_1332_1438,0.141512308231594
2015_1332_1452,0.428586140062731
2015_1332_1455,0.276952681640821
2015_1332_1458,0.0808405824355956
2015_1332_1459,0.758271662199571
2015_1332_1461,0.678708988552513
2015_1332_1462,0.497323774193978
2015_1344_1345,0.472953830180719
2015_1344_1352,0.800004914193768
2015_1344_1361,0.607041243172409
2015_1344_1372,0.664380027128043
2015_1344_1374,0.350750285422987
2015_1344_1385,0.671016228187047
2015_1344_1400,0.333432824911607
2015_1344_1411,0.672170154689886
2015_1344_1412,0.759373131347738
2015_1344_1414,0.720872469513905
2015_1344_1417,0.517619188118151
2015_1344_1428,0.464387071369222
2015_1344_1433,0.363029961823008
2015_1344_1434,0.606599326432146
2015_1344_1437,0.120383108377597
2015_1344_1438,0.102641015937733
2015_1344_1452,0.342301492883273
2015_1344_1455,0.209977553261546
2015_1344_1458,0.0575183077694119
2015_1344_1459,0.685204576637642
2015_1344_1461,0.594454820767426
2015_1344_1462,0.407058766749879
2015_1345_1352,0.816770016803536
2015_1345_1361,0.632552426392923
2015_1345_1372,0.688081468857296
2015_1345_1374,0.375790909119103
2015_1345_1385,0.694464544173841
2015_1345_1400,0.357918687140898
2015_1345_1411,0.695573537963445
2015_1345_1412,0.778601682506367
2015_1345_1414,0.742132870216397
2015_1345_1417,0.544580382102402
2015_1345_1428,0.491400107753601
2015_1345_1433,0.388422773646518
2015_1345_1434,0.632121812815376
2015_1345_1437,0.132329517821935
2015_1345_1438,0.113053050610614
2015_1345_1452,0.367079972273333
2015_1345_1455,0.228505309644518
2015_1345_1458,0.0636778497158162
2015_1345_1459,0.708081562323297
2015_1345_1461,0.620271983566188
2015_1345_1462,0.433435644118045
2015_1352_1361,0.278596724964498
2015_1352_1372,0.331047708259158
2015_1352_1374,0.118985971110013
2015_1352_1385,0.337704589713424
2015_1352_1400,0.11115229948913
2015_1352_1411,0.338875750939707
2015_1352_1412,0.44100624125511
2015_1352_1414,0.392329294242757
2015_1352_1417,0.211514722360161
2015_1352_1428,0.178137348456672
2015_1352_1433,0.124710206815361
2015_1352_1434,0.278224620203872
2015_1352_1437,0.0330817458753757
2015_1352_1438,0.0277995156755494
2015_1352_1452,0.11512989997599
2015_1352_1455,0.0623048398525833
2015_1352_1458,0.01502740511604
2015_1352_1459,0.352394459007619
2015_1352_1461,0.268172845333859
2015_1352_1462,0.146482159313815
2015_1361_1372,0.56167992633374
2015_1361_1374,0.259103191447664
2015_1361_1385,0.569029546447137
2015_1361_1400,0.244605841097494
2015_1361_1411,0.57031212670403
2015_1361_1412,0.67136245856499
2015_1361_1414,0.625720605785742
2015_1361_1417,0.409898224431126
2015_1361_1428,0.359488378711003
2015_1361_1433,0.269506205331214
2015_1361_1434,0.499536948623579
2015_1361_1437,0.0813832664669981
2015_1361_1438,0.0689385056907654
2015_1361_1452,0.252005107164359
2015_1361_1455,0.146796251912196
2015_1361_1458,0.0380044972593489
2015_1361_1459,0.584895376588514
2015_1361_1461,0.486883100731257
2015_1361_1462,0.307671094766228
2015_1372_1374,0.214397746485379
2015_1372_1385,0.507476959837751
2015_1372_1400,0.201720722217669
2015_1372_1411,0.508784590055212
2015_1372_1412,0.614524453811463
2015_1372_1414,0.566090663173447
2015_1372_1417,0.351519013139997
2015_1372_1428,0.304582971721772
2015_1372_1433,0.223547408354237
2015_1372_1434,0.43786412093494
2015_1372_1437,0.0646651568282374
2015_1372_1438,0.0546248359294387
2015_1372_1452,0.208180239110184
2015_1372_1455,0.118372254474989
2015_1372_1458,0.0299073291820493
2015_1372_1459,0.523712108967914
2015_1372_1461,0.425444450880864
2015_1372_1462,0.257498201499211
2015_1374_1385,0.790597007434562
2015_1374_1400,0.480770333503439
2015_1374_1411,0.791461850519739
2015_1374_1412,0.853833355989038
2015_1374_1414,0.827003325430608
2015_1374_1417,0.665131940059323
2015_1374_1428,0.616105286241233
2015_1374_1433,0.513373217157307
2015_1374_1434,0.740541084297356
2015_1374_1437,0.202125204617485
2015_1374_1438,0.174729017930606
2015_1374_1452,0.490673120677205
2015_1374_1455,0.329749589096323
2015_1374_1458,0.101499779721496
2015_1374_1459,0.80115635982737
2015_1374_1461,0.730695736528262
2015_1374_1462,0.559616342381518
2015_1385_1400,0.196947262131236
2015_1385_1411,0.501307973858958
2015_1385_1412,0.607415410980063
2015_1385_1414,0.558729790338731
2015_1385_1417,0.344731560924624
2015_1385_1428,0.298284935796265
2015_1385_1433,0.218398755679918
2015_1385_1434,0.430516286149111
2015_1385_1437,0.0628794732692956
2015_1385_1438,0.0531006685254072
2015_1385_1452,0.203292849830258
2015_1385_1455,0.1152862866607
2015_1385_1458,0.0290516470283372
2015_1385_1459,0.516246670910863
2015_1385_1461,0.418149999795894
2015_1385_1462,0.251821209176836
2015_1400_1411,0.803878899505663
2015_1400_1412,0.863178611846132
2015_1400_1414,0.837737983408268
2015_1400_1417,0.682049266195564
2015_1400_1428,0.634137020117165
2015_1400_1433,0.532569381159167
2015_1400_1434,0.755051757838886
2015_1400_1437,0.214820807850739
2015_1400_1438,0.18610522227871
2015_1400_1452,0.50990989664377
2015_1400_1455,0.346975331065448
2015_1400_1458,0.108736392918458
2015_1400_1459,0.81313245533019
2015_1400_1461,0.74556784862571
2015_1400_1462,0.578486102259822
2015_1411_1412,0.606167101566915
2015_1411_1414,0.557439465796558
2015_1411_1417,0.343550678396364
2015_1411_1428,0.297190996849497
2015_1411_1433,0.217506981120447
2015_1411_1434,0.429234037948282
2015_1411_1437,0.0625718839028992
2015_1411_1438,0.0528382173014831
2015_1411_1452,0.202446779970387
2015_1411_1455,0.114753729530046
2015_1411_1458,0.0289044302941967
2015_1411_1459,0.514939966962295
2015_1411_1461,0.416877621486492
2015_1411_1462,0.250836760201119
2015_1412_1414,0.450054046245078
2015_1412_1417,0.253744562540776
2015_1412_1428,0.215524772615207
2015_1412_1433,0.152971457175908
2015_1412_1434,0.328229009911335
2015_1412_1437,0.0415646115443336
2015_1412_1438,0.0349769010633725
2015_1412_1452,0.141571254967468
2015_1412_1455,0.0776791325996369
2015_1412_1458,0.0189715867646464
2015_1412_1459,0.408190376303643
2015_1412_1461,0.317164511731811
2015_1412_1462,0.178670135802764
2015_1414_1417,0.293532772446678
2015_1414_1428,0.251338406188715
2015_1414_1433,0.180786091616032
2015_1414_1434,0.373845719173907
2015_1414_1437,0.0503258195721644
2015_1414_1438,0.0424109622294987
2015_1414_1452,0.167723463401521
2015_1414_1455,0.093311618788308
2015_1414_1458,0.0230852238127907
2015_1414_1459,0.457354115975271
2015_1414_1461,0.362072301641425
2015_1414_1462,0.209999041224409
2015_1417_1428,0.446901155168553
2015_1417_1433,0.34688878739471
2015_1417_1434,0.589653686227615
2015_1417_1437,0.113114713328008
2015_1417_1438,0.0963265300731021
2015_1417_1452,0.32660938173394
2015_1417_1455,0.198520556783399
2015_1417_1458,0.0538133056755235
2015_1417_1459,0.669801745689651
2015_1417_1461,0.577350545096848
2015_1417_1462,0.390159058360177
2015_1428_1433,0.396625894523095
2015_1428_1434,0.64008502793744
2015_1428_1437,0.136329816463945
2015_1428_1438,0.11654889876398
2015_1428_1452,0.375108813097915
2015_1428_1455,0.234626801894247
2015_1428_1458,0.0657601077932258
2015_1428_1459,0.715141489844844
2015_1428_1461,0.628340890482245
2015_1428_1462,0.441902505584354
2015_1433_1434,0.730128990392553
2015_1433_1437,0.193633682678319
2015_1433_1438,0.167147330023289
2015_1433_1452,0.477311223439021
2015_1433_1455,0.318033573460716
2015_1433_1458,0.0967231821997007
2015_1433_1459,0.792495157047447
2015_1433_1461,0.72003791413326
2015_1433_1462,0.546391068623154
2015_1434_1437,0.0815218448556455
2015_1434_1438,0.0690574863272184
2015_1434_1452,0.252354405631118
2015_1434_1455,0.147028387167497
2015_1434_1458,0.0380722721762731
2015_1434_1459,0.585345008001472
2015_1434_1461,0.487345844672531
2015_1434_1462,0.308065772902927
2015_1437_1438,0.455267141991402
2015_1437_1452,0.791790575705175
2015_1437_1455,0.660101487606677
2015_1437_1458,0.308400884272437
2015_1437_1459,0.940844132469924
2015_1437_1461,0.914606167043512
2015_1437_1462,0.833781682536571
2015_1438_1452,0.819825198412223
2015_1438_1455,0.69912983568668
2015_1438_1458,0.34791996665829
2015_1438_1459,0.950074705292826
2015_1438_1461,0.927615881137586
2015_1438_1462,0.857182179739915
2015_1452_1455,0.33804780962361
2015_1452_1458,0.104953481172235
2015_1452_1459,0.807033595092796
2015_1452_1461,0.73797444472454
2015_1452_1462,0.568790222774781
2015_1455_1458,0.186737130940474
2015_1455_1459,0.891180378618519
2015_1455_1461,0.846508253824106
2015_1455_1462,0.720898531968533
2015_1458_1459,0.972727037229984
2015_1458_1461,0.960029626808226
2015_1458_1462,0.918360400395146
2015_1459_1461,0.402422359971544
2015_1459_1462,0.239771584530201
2015_1461_1462,0.318961124312501
